Workbook

Sheet Instrucciones
A1: Plantilla de métricas Scrum
A4: Datos del equipo
A5: Equipo | B5: Equipo 4
A6: Product Owner | B6: Nombre
A7: Scrum Master | B7: Nombre
A8: Scrum Team | B8: Nombre
A10: Fecha del Día 1 (inicio del Sprint 1) | B10: 46302
A12: Cómo llenarla (3 días = 3 sprints de 1 día)
A13: 1. Sprint Planning (Día 1): el Product Owner llena la hoja Backlog: ID, Tarea, Puntos y fecha/hora de solicitud.
A14: 2. En 'Sprint' pon 1, 2 o 3 según el sprint en que se hará la tarea.
A15: 3. Al empezar una tarea: pon Estado 'En proceso' y su fecha/hora de inicio.
A16: 4. Al terminarla: Estado 'Terminada' y fecha/hora de fin. Formato: 07/10/2026 15:30
A17: 5. Daily Scrum: el Scrum Master revisa que el Backlog esté actualizado.
A18: 6. Sprint Review / Retrospective: miren las hojas Métricas y Burndown y anoten mejoras.
A20: Qué mide cada métrica
A21: Velocidad del equipo | B21: Puntos de las tareas terminadas en cada sprint.
A22: Cumplimiento del sprint | B22: Tareas terminadas ÷ tareas planeadas del sprint.
A23: Burndown chart | B23: Puntos pendientes día a día vs. la línea ideal.
A24: Lead time | B24: Horas desde que se solicita la tarea hasta que se entrega.
A25: Cycle time | B25: Horas desde que se empieza la tarea hasta que se termina.

Sheet Backlog
A1: Product Backlog / Sprint Backlog
A3: EJEMPLO | B3: Crear pantalla de login | C3: 3 | D3: 1 | E3: Terminada | F3: Nombre | G3: 46302.333 | H3: 46302.417 | I3: 46302.625 | J3: =IF(AND(G3<>"",I3<>""),(I3-G3)*24,"") -> 7 | K3: =IF(AND(H3<>"",I3<>""),(I3-H3)*24,"") -> 5
A4: ID | B4: Tarea | C4: Puntos | D4: Sprint (1-3) | E4: Estado | F4: Responsable | G4: Solicitud (fecha y hora) | H4: Inicio (fecha y hora) | I4: Fin (fecha y hora) | J4: Lead time (h) | K4: Cycle time (h)
J5: =IF(AND(G5<>"",I5<>""),(I5-G5)*24,"") | K5: =IF(AND(H5<>"",I5<>""),(I5-H5)*24,"")
J6: =IF(AND(G6<>"",I6<>""),(I6-G6)*24,"") | K6: =IF(AND(H6<>"",I6<>""),(I6-H6)*24,"")
J7: =IF(AND(G7<>"",I7<>""),(I7-G7)*24,"") | K7: =IF(AND(H7<>"",I7<>""),(I7-H7)*24,"")
J8: =IF(AND(G8<>"",I8<>""),(I8-G8)*24,"") | K8: =IF(AND(H8<>"",I8<>""),(I8-H8)*24,"")
J9: =IF(AND(G9<>"",I9<>""),(I9-G9)*24,"") | K9: =IF(AND(H9<>"",I9<>""),(I9-H9)*24,"")
J10: =IF(AND(G10<>"",I10<>""),(I10-G10)*24,"") | K10: =IF(AND(H10<>"",I10<>""),(I10-H10)*24,"")
J11: =IF(AND(G11<>"",I11<>""),(I11-G11)*24,"") | K11: =IF(AND(H11<>"",I11<>""),(I11-H11)*24,"")
J12: =IF(AND(G12<>"",I12<>""),(I12-G12)*24,"") | K12: =IF(AND(H12<>"",I12<>""),(I12-H12)*24,"")
J13: =IF(AND(G13<>"",I13<>""),(I13-G13)*24,"") | K13: =IF(AND(H13<>"",I13<>""),(I13-H13)*24,"")
J14: =IF(AND(G14<>"",I14<>""),(I14-G14)*24,"") | K14: =IF(AND(H14<>"",I14<>""),(I14-H14)*24,"")
J15: =IF(AND(G15<>"",I15<>""),(I15-G15)*24,"") | K15: =IF(AND(H15<>"",I15<>""),(I15-H15)*24,"")
J16: =IF(AND(G16<>"",I16<>""),(I16-G16)*24,"") | K16: =IF(AND(H16<>"",I16<>""),(I16-H16)*24,"")
... J34: =IF(AND(G34<>"",I34<>""),(I34-G34)*24,"") | K34: =IF(AND(H34<>"",I34<>""),(I34-H34)*24,"")

Sheet Métricas
A1: Métricas por sprint
A3: Sprint | B3: Tareas planeadas | C3: Tareas terminadas | D3: Cumplimiento del sprint | E3: Puntos planeados | F3: Velocidad (puntos terminados) | G3: Lead time promedio (h) | H3: Cycle time promedio (h)
A4: 1 | B4: =COUNTIFS(Backlog!$D$5:$D$34,A4) -> 0 | C4: =COUNTIFS(Backlog!$D$5:$D$34,A4,Backlog!$E$5:$E$34,"Terminada") -> 0 | D4: =IF(B4=0,0,C4/B4) -> 0 | E4: =SUMIFS(Backlog!$C$5:$C$34,Backlog!$D$5:$D$34,A4) -> 0 | F4: =SUMIFS(Backlog!$C$5:$C$34,Backlog!$D$5:$D$34,A4,Backlog!$E$5:$E$34,"Terminada") -> 0 | G4: =IFERROR(AVERAGEIFS(Backlog!$J$5:$J$34,Backlog!$D$5:$D$34,A4,Backlog!$E$5:$E$34,"Terminada"),0) -> 0 | H4: =IFERROR(AVERAGEIFS(Backlog!$K$5:$K$34,Backlog!$D$5:$D$34,A4,Backlog!$E$5:$E$34,"Terminada"),0) -> 0
A5: 2 | B5: =COUNTIFS(Backlog!$D$5:$D$34,A5) -> 0 | C5: =COUNTIFS(Backlog!$D$5:$D$34,A5,Backlog!$E$5:$E$34,"Terminada") -> 0 | D5: =IF(B5=0,0,C5/B5) -> 0 | E5: =SUMIFS(Backlog!$C$5:$C$34,Backlog!$D$5:$D$34,A5) -> 0 | F5: =SUMIFS(Backlog!$C$5:$C$34,Backlog!$D$5:$D$34,A5,Backlog!$E$5:$E$34,"Terminada") -> 0 | G5: =IFERROR(AVERAGEIFS(Backlog!$J$5:$J$34,Backlog!$D$5:$D$34,A5,Backlog!$E$5:$E$34,"Terminada"),0) -> 0 | H5: =IFERROR(AVERAGEIFS(Backlog!$K$5:$K$34,Backlog!$D$5:$D$34,A5,Backlog!$E$5:$E$34,"Terminada"),0) -> 0
A6: 3 | B6: =COUNTIFS(Backlog!$D$5:$D$34,A6) -> 0 | C6: =COUNTIFS(Backlog!$D$5:$D$34,A6,Backlog!$E$5:$E$34,"Terminada") -> 0 | D6: =IF(B6=0,0,C6/B6) -> 0 | E6: =SUMIFS(Backlog!$C$5:$C$34,Backlog!$D$5:$D$34,A6) -> 0 | F6: =SUMIFS(Backlog!$C$5:$C$34,Backlog!$D$5:$D$34,A6,Backlog!$E$5:$E$34,"Terminada") -> 0 | G6: =IFERROR(AVERAGEIFS(Backlog!$J$5:$J$34,Backlog!$D$5:$D$34,A6,Backlog!$E$5:$E$34,"Terminada"),0) -> 0 | H6: =IFERROR(AVERAGEIFS(Backlog!$K$5:$K$34,Backlog!$D$5:$D$34,A6,Backlog!$E$5:$E$34,"Terminada"),0) -> 0
A7: Total | B7: =SUM(B4:B6) -> 0 | C7: =SUM(C4:C6) -> 0 | D7: =IF(B7=0,0,C7/B7) -> 0 | E7: =SUM(E4:E6) -> 0 | F7: =SUM(F4:F6) -> 0 | G7: =IFERROR(AVERAGEIFS(Backlog!$J$5:$J$34,Backlog!$E$5:$E$34,"Terminada"),0) -> 0 | H7: =IFERROR(AVERAGEIFS(Backlog!$K$5:$K$34,Backlog!$E$5:$E$34,"Terminada"),0) -> 0
A9: Velocidad promedio por sprint (puntos) | F9: =AVERAGE(F4:F6) -> 0
A11: Nota: el lead time y el cycle time solo se promedian con tareas en estado 'Terminada'.

Sheet Burndown
A1: Burndown chart (puntos pendientes por día)
A2: Total de puntos del backlog: | C2: =SUM(Backlog!$C$5:$C$34) -> 0
A4: Día | B4: Fin del día | C4: Puntos terminados (acum.) | D4: Pendiente real | E4: Pendiente ideal
A5: 0 | B5: =Instrucciones!$B$10+A5 -> 46302 | C5: =IF(A5=0,0,SUMIFS(Backlog!$C$5:$C$34,Backlog!$E$5:$E$34,"Terminada",Backlog!$I$5:$I$34,"<"&B5)) -> 0 | D5: =$C$2-C5 -> 0 | E5: =$C$2*(1-A5/MAX($A$5:$A$8)) -> 0
A6: 1 | B6: =Instrucciones!$B$10+A6 -> 46303 | C6: =IF(A6=0,0,SUMIFS(Backlog!$C$5:$C$34,Backlog!$E$5:$E$34,"Terminada",Backlog!$I$5:$I$34,"<"&B6)) -> 0 | D6: =$C$2-C6 -> 0 | E6: =$C$2*(1-A6/MAX($A$5:$A$8)) -> 0
A7: 2 | B7: =Instrucciones!$B$10+A7 -> 46304 | C7: =IF(A7=0,0,SUMIFS(Backlog!$C$5:$C$34,Backlog!$E$5:$E$34,"Terminada",Backlog!$I$5:$I$34,"<"&B7)) -> 0 | D7: =$C$2-C7 -> 0 | E7: =$C$2*(1-A7/MAX($A$5:$A$8)) -> 0
A8: 3 | B8: =Instrucciones!$B$10+A8 -> 46305 | C8: =IF(A8=0,0,SUMIFS(Backlog!$C$5:$C$34,Backlog!$E$5:$E$34,"Terminada",Backlog!$I$5:$I$34,"<"&B8)) -> 0 | D8: =$C$2-C8 -> 0 | E8: =$C$2*(1-A8/MAX($A$5:$A$8)) -> 0
A10: Día 0 = inicio del proyecto. 'Fin del día 1' cuenta lo terminado antes de que acabe el día 1.
